file,path,year,era,title,citation,neutral_citation,decision_date,disposal,bench,author,bench_size,case_number,criminal,pages,length,source_url
2017_state_of_gujarat_v_reliance_industries_ltd_2017_13_25_47.pdf,2017_13_25_47,2017,2010-2025,STATE OF GUJARAT versus RELIANCE INDUSTRIES LTD.,[2017] 13 S.C.R. 25,2017 INSC 982,2017-09-22,Appeal(s) allowed,A.K. SIKRI; ASHOK BHUSHAN,A.K. SIKRI,2,CIVIL APPEAL No. 13047/2017,False,23,medium,https://indian-supreme-court-judgments.s3.amazonaws.com/data/pdf/year=2017/english/2017_13_25_47_EN.pdf
2017_securities_exchange_board_of_v_shri_kanaiyalal_baldevbhai_p_2017_14_268_300.pdf,2017_14_268_300,2017,2010-2025,SECURITIES AND EXCHANGE BOARD OF INDIA versus SHRI KANAIYALAL BALDEVBHAI PATEL,[2017] 14 S.C.R. 268,2017 INSC 963,2017-09-20,Disposed off,RANJAN GOGOI; N.V. RAMANA,RANJAN GOGOI,2,CIVIL APPEAL No. 2595/2013,False,33,medium,https://indian-supreme-court-judgments.s3.amazonaws.com/data/pdf/year=2017/english/2017_14_268_300_EN.pdf
2017_indian_oil_corporation_limit_v_kerala_state_road_transport__2017_14_507_518.pdf,2017_14_507_518,2017,2010-2025,INDIAN OIL CORPORATION LIMITED & ANR. versus KERALA STATE ROAD TRANSPORT CORPGRATION & ORS.,[2017] 14 S.C.R. 507,2017 INSC 1086,2017-11-07,Disposed off,ARUN MISHRA; MOHAN M. SHANTANAGOUDAR,,2,CIVIL APPEAL No. 18917/2017,False,12,medium,https://indian-supreme-court-judgments.s3.amazonaws.com/data/pdf/year=2017/english/2017_14_507_518_EN.pdf
2017_greater_bombay_co_operative__v_mr_nagraj_ganeshmal_jain_2017_6_437_443.pdf,2017_6_437_443,2017,2010-2025,THE GREATER BOMBAY CO-OPERATIVE BANK LIMITED versus MR. NAGRAJ GANESHMAL JAIN & ORS.,[2017] 6 S.C.R. 437,2017 INSC 671,2017-07-26,Appeal(s) allowed,MADAN B. LOKUR; DEEPAK GUPTA,MADAN B. LOKUR,2,CIVIL APPEAL No. 9777/2017,False,7,short,https://indian-supreme-court-judgments.s3.amazonaws.com/data/pdf/year=2017/english/2017_6_437_443_EN.pdf
2017_lekh_raj_dead_l_rs_v_ranjit_singh_2017_7_542_550.pdf,2017_7_542_550,2017,2010-2025,LEKH RAJ (DEAD) THROUGH L.RS. & ORS. versus RANJIT SINGH & ORS.,[2017] 7 S.C.R. 542,2017 INSC 746,2017-08-16,Dismissed,R.K. AGRAWAL; ABHAY MANOHAR SAPRE,R.K. AGRAWAL,2,CIVIL APPEAL No. 1885/2008,False,9,medium,https://indian-supreme-court-judgments.s3.amazonaws.com/data/pdf/year=2017/english/2017_7_542_550_EN.pdf
2017_state_of_haryanaand_v_hindustan_construction_compa_2017_9_482_489.pdf,2017_9_482_489,2017,2010-2025,THE STATE OF HARYANAAND OTHERS versus HINDUSTAN CONSTRUCTION COMPANY LTD.,[2017] 9 S.C.R. 482,2017 INSC 913,2017-09-15,Dismissed,RANJAN GOGOI; NAVIN SINHA,RANJAN GOGOI,2,CIVIL APPEAL No. 10792/2011,False,8,short,https://indian-supreme-court-judgments.s3.amazonaws.com/data/pdf/year=2017/english/2017_9_482_489_EN.pdf
2017_apollo_institute_of_medical__v_union_of_india_2017_9_697_705.pdf,2017_9_697_705,2017,2010-2025,APOLLO INSTITUTE OF MEDICAL SCIENCES & RESEARCH AND ORS. versus UNION OF INDIA AND ANR.,[2017] 9 S.C.R. 697,2017 INSC 831,2017-08-31,Case Allowed,DIPAK MISRA; D.Y. CHANDRACHUD; A.M. KHANWILKAR,DIPAK MISRA,3,WRIT PETITION (CIVIL) No. 496/2017,False,9,medium,https://indian-supreme-court-judgments.s3.amazonaws.com/data/pdf/year=2017/english/2017_9_697_705_EN.pdf
2018_j_s_luthra_academy_v_state_of_jammu_kashmir_2018_10_1098_1118.pdf,2018_10_1098_1118,2018,2010-2025,J. S. LUTHRA ACADEMY & ANOTHER versus STATE OF JAMMU AND KASHMIR & OTHERS,[2018] 10 S.C.R. 1098,2018 INSC 1018,2018-10-30,Appeal(s) allowed,N.V. RAMANA; MOHAN M. SHANTANAGOUDAR,N.V. RAMANA,2,CIVIL APPEAL No. 7184/2013,False,21,medium,https://indian-supreme-court-judgments.s3.amazonaws.com/data/pdf/year=2018/english/2018_10_1098_1118_EN.pdf
2018_menoka_malik_v_state_of_west_bengal_2018_10_707_725.pdf,2018_10_707_725,2018,2010-2025,MENOKA MALIK AND OTHERS versus THE STATE OF WEST BENGAL AND OTHERS,[2018] 10 S.C.R. 707,2018 INSC 751,2018-08-28,Appeal(s) allowed,N.V. RAMANA; MOHAN M. SHANTANAGOUDAR,N.V. RAMANA,2,CRIMINAL APPEAL No. 1198/2006,True,19,medium,https://indian-supreme-court-judgments.s3.amazonaws.com/data/pdf/year=2018/english/2018_10_707_725_EN.pdf
2018_bhaskar_shrachi_alloys_ltd_v_damodar_valley_corporation_2018_10_773_809.pdf,2018_10_773_809,2018,2010-2025,BHASKAR SHRACHI ALLOYS LTD. ETC.ETC. versus DAMODAR VALLEY CORPORATION & ORS. ETC.,[2018] 10 S.C.R. 773,2018 INSC 629,2018-07-23,Dismissed,RANJAN GOGOI; R. BANUMATHI,RANJAN GOGOI,2,CIVIL APPEAL No. 971/2008,False,37,medium,https://indian-supreme-court-judgments.s3.amazonaws.com/data/pdf/year=2018/english/2018_10_773_809_EN.pdf
2018_state_of_haryana_v_rajesh_aggarwal_2018_10_925_928.pdf,2018_10_925_928,2018,2010-2025,STATE OF HARYANA versus RAJESH AGGARWAL & ANR.,[2018] 10 S.C.R. 925,2018 INSC 722,2018-08-20,Dismissed,ABHAY MANOHAR SAPRE; SANJAY KISHAN KAUL,ABHAY MANOHAR SAPRE,2,CRIMINAL APPEAL No. 2218/2011,True,4,short,https://indian-supreme-court-judgments.s3.amazonaws.com/data/pdf/year=2018/english/2018_10_925_928_EN.pdf
2018_reema_salkan_v_sumer_singh_salkan_2018_12_350_361.pdf,2018_12_350_361,2018,2010-2025,REEMA SALKAN versus SUMER SINGH SALKAN,[2018] 12 S.C.R. 350,2018 INSC 867,2018-09-25,Appeal(s) allowed,DIPAK MISRA; D.Y. CHANDRACHUD; A.M. KHANWILKAR,DIPAK MISRA,3,CRIMINAL APPEAL No. 1220/2018,True,12,medium,https://indian-supreme-court-judgments.s3.amazonaws.com/data/pdf/year=2018/english/2018_12_350_361_EN.pdf
2018_dashrath_singh_chauhan_v_central_bureau_of_investigat_2018_12_914_922.pdf,2018_12_914_922,2018,2010-2025,DASHRATH SINGH CHAUHAN versus CENTRAL BUREAU OF INVESTIGATION,[2018] 12 S.C.R. 914,2018 INSC 940,2018-10-09,Appeal(s) allowed,ABHAY MANOHAR SAPRE; INDU MALHOTRA,ABHAY MANOHAR SAPRE,2,CRIMINAL APPEAL No. 1276/2010,True,9,medium,https://indian-supreme-court-judgments.s3.amazonaws.com/data/pdf/year=2018/english/2018_12_914_922_EN.pdf
2018_mohd_sahid_v_raziya_khanam_d_lrs_2018_12_963_971.pdf,2018_12_963_971,2018,2010-2025,MOHD. SAHID AND OTHERS versus RAZIYA KHANAM (D) THR. LRS. AND ANOTHER,[2018] 12 S.C.R. 963,2018 INSC 949,2018-10-10,Leave Granted & Dismissed,R. BANUMATHI; INDIRA BANERJEE,R. BANUMATHI,2,CIVIL APPEAL No. 10379/2018,False,9,medium,https://indian-supreme-court-judgments.s3.amazonaws.com/data/pdf/year=2018/english/2018_12_963_971_EN.pdf
2018_chairman_v_o_chidambaranar_p_v_capt_paul_nadar_bennet_singh_2018_13_942_949.pdf,2018_13_942_949,2018,2010-2025,THE CHAIRMAN V. O. CHIDAMBARANAR PORT TRUST & ORS. versus CAPT. PAUL NADAR BENNET SINGH,[2018] 13 S.C.R. 942,2018 INSC 1164,2018-12-06,Case Partly allowed,R. BANUMATHI; INDIRA BANERJEE,R. BANUMATHI,2,CIVIL APPEAL No. 11902/2018,False,8,short,https://indian-supreme-court-judgments.s3.amazonaws.com/data/pdf/year=2018/english/2018_13_942_949_EN.pdf
2018_union_of_india_v_leen_martin_2018_1_656_660.pdf,2018_1_656_660,2018,2010-2025,UNION OF INDIA versus LEEN MARTIN & ANR.,[2018] 1 S.C.R. 656,2018 INSC 82,2018-02-01,Dismissed,N.V. RAMANA; S. ABDUL NAZEER,N.V. RAMANA,2,CRIMINAL APPEAL No. 2150/2011,True,5,short,https://indian-supreme-court-judgments.s3.amazonaws.com/data/pdf/year=2018/english/2018_1_656_660_EN.pdf
2018_asian_resurfacing_of_road_ag_v_central_bureau_of_investigat_2018_2_1045_1098.pdf,2018_2_1045_1098,2018,2010-2025,ASIAN RESURFACING OF ROAD AGENCY PVT. LTD. & ANR.V. CENTRAL BUREAU OF INVESTIGATION versus CENTRAL BUREAU OF INVESTIGATION,[2018] 2 S.C.R. 1045,2018 INSC 282,2018-03-28,Directions issued,ADARSH KUMAR GOEL; R.F. NARIMAN; NAVIN SINHA,ADARSH KUMAR GOEL,3,CRIMINAL APPEAL No. 1375/2013,True,54,long,https://indian-supreme-court-judgments.s3.amazonaws.com/data/pdf/year=2018/english/2018_2_1045_1098_EN.pdf
2018_dilawar_v_state_of_haryana_2018_5_655_661.pdf,2018_5_655_661,2018,2010-2025,DILAWAR versus THE STATE OF HARYANA & ANR.,[2018] 5 S.C.R. 655,2018 INSC 437,2018-05-01,Disposed off,ADARSH KUMAR GOEL; INDU MALHOTRA,,2,SPECIAL LEAVE PETITION (CRIMINAL) No. 657/2017,True,7,short,https://indian-supreme-court-judgments.s3.amazonaws.com/data/pdf/year=2018/english/2018_5_655_661_EN.pdf
2019_silppi_constructions_contrac_v_union_of_india_2019_10_932_948.pdf,2019_10_932_948,2019,2010-2025,SILPPI CONSTRUCTIONS CONTRACTORS versus UNION OF INDIA AND ANR. ETC. ETC.,[2019] 10 S.C.R. 932,2019 INSC 696,2019-06-21,Dismissed,DEEPAK GUPTA; SURYA KANT,,2,SPECIAL LEAVE PETITION (CIVIL) No. 13802/2019,False,17,medium,https://indian-supreme-court-judgments.s3.amazonaws.com/data/pdf/year=2019/english/2019_10_932_948_EN.pdf
2019_zonal_manager_bank_of_india__v_aarya_k_babu_2019_11_627_639.pdf,2019_11_627_639,2019,2010-2025,"ZONAL MANAGER, BANK OF INDIA, ZONAL OFFICE, KOCHI & ORS. versus AARYA K. BABU & ANR.",[2019] 11 S.C.R. 627,2019 INSC 882,2019-08-08,Appeal(s) allowed,R. BANUMATHI; A.S. BOPANNA,R. BANUMATHI,2,CIVIL APPEAL No. 6206/2019,False,13,medium,https://indian-supreme-court-judgments.s3.amazonaws.com/data/pdf/year=2019/english/2019_11_627_639_EN.pdf
2019_bijay_kumar_singh_v_amit_kumar_chamariya_2019_13_1028_1043.pdf,2019_13_1028_1043,2019,2010-2025,BIJAY KUMAR SINGH & OTHERS versus AMIT KUMAR CHAMARIYA & ANR.,[2019] 13 S.C.R. 1028,2019 INSC 1181,2019-10-22,Dismissed,L. NAGESWARA RAO; HEMANT GUPTA,L. NAGESWARA RAO,2,CIVIL APPEAL No. 7849/2019,False,16,medium,https://indian-supreme-court-judgments.s3.amazonaws.com/data/pdf/year=2019/english/2019_13_1028_1043_EN.pdf
2019_k_arjun_das_v_commissioner_of_endowments_o_2019_13_307_322.pdf,2019_13_307_322,2019,2010-2025,"K. ARJUN DAS versus COMMISSIONER OF ENDOWMENTS, ORISSA & ORS.",[2019] 13 S.C.R. 307,2019 INSC 1039,2019-09-17,Appeal(s) allowed,N.V. RAMANA; MOHAN M. SHANTANAGOUDAR; AJAY RASTOGI,N.V. RAMANA,3,CIVIL APPEAL No. 9576/2010,False,16,medium,https://indian-supreme-court-judgments.s3.amazonaws.com/data/pdf/year=2019/english/2019_13_307_322_EN.pdf
2019_devi_lal_v_state_of_rajasthan_2019_1_168_178.pdf,2019_1_168_178,2019,2010-2025,DEVI LAL versus STATE OF RAJASTHAN,[2019] 1 S.C.R. 168,2019 INSC 29,2019-01-08,Appeal(s) allowed,RANJAN GOGOI; K.M. JOSEPH; AJAY RASTOGI,RANJAN GOGOI,3,CRIMINAL APPEAL No. 148/2010,True,11,medium,https://indian-supreme-court-judgments.s3.amazonaws.com/data/pdf/year=2019/english/2019_1_168_178_EN.pdf
2019_pr_commissioner_of_income_ta_v_m_s_aarham_softronics_2019_4_409_432.pdf,2019_4_409_432,2019,2010-2025,PR. COMMISSIONER OF INCOME TAX SHIMLA versus M/S AARHAM SOFTRONICS,[2019] 4 S.C.R. 409,2019 INSC 231,2019-02-20,Disposed off,A.K. SIKRI; S. ABDUL NAZEER; M.R. SHAH,A.K. SIKRI,3,CIVIL APPEAL No. 1784/2019,False,24,medium,https://indian-supreme-court-judgments.s3.amazonaws.com/data/pdf/year=2019/english/2019_4_409_432_EN.pdf
2019_state_of_madhya_pradesh_v_harjeet_singh_2019_4_564_576.pdf,2019_4_564_576,2019,2010-2025,STATE OF MADHYA PRADESH versus HARJEET SINGH & ANR.,[2019] 4 S.C.R. 564,2019 INSC 224,2019-02-19,Disposed off,L. NAGESWARA RAO; INDU MALHOTRA,L. NAGESWARA RAO,2,CRIMINAL APPEAL No. 1190/2009,True,13,medium,https://indian-supreme-court-judgments.s3.amazonaws.com/data/pdf/year=2019/english/2019_4_564_576_EN.pdf
2019_shri_n_k_janu_deputy_directo_v_lakshmi_chandra_2019_5_618_630.pdf,2019_5_618_630,2019,2010-2025,"SHRI N. K. JANU,DEPUTY DIRECTOR SOCIAL FORESTARY DIVISION, AGRA AND OTHERS versus LAKSHMI CHANDRA",[2019] 5 S.C.R. 618,2019 INSC 512,2019-04-10,Appeal(s) allowed,SANJAY KISHAN KAUL; HEMANT GUPTA,SANJAY KISHAN KAUL,2,CIVIL APPEAL No. 3740/2019,False,13,medium,https://indian-supreme-court-judgments.s3.amazonaws.com/data/pdf/year=2019/english/2019_5_618_630_EN.pdf
2019_narender_kumar_v_union_of_india_2019_6_482_506.pdf,2019_6_482_506,2019,2010-2025,NARENDER KUMAR versus UNION OF INDIA AND OTHERS,[2019] 6 S.C.R. 482,2019 INSC 470,2019-04-08,Dismissed,UDAY UMESH LALIT; HEMANT GUPTA,UDAY UMESH LALIT,2,CRIMINAL APPEAL No. 1492/2009,True,25,medium,https://indian-supreme-court-judgments.s3.amazonaws.com/data/pdf/year=2019/english/2019_6_482_506_EN.pdf
2019_niravkumar_dilipbhai_makwana_v_gujarat_public_service_commi_2019_9_47_60.pdf,2019_9_47_60,2019,2010-2025,NIRAVKUMAR DILIPBHAI MAKWANA versus GUJARAT PUBLIC SERVICE COMMISSION & ORS.,[2019] 9 S.C.R. 47,2019 INSC 723,2019-07-04,Dismissed,S. ABDUL NAZEER; INDIRA BANERJEE,S. ABDUL NAZEER,2,CIVIL APPEAL No. 5185/2019,False,14,medium,https://indian-supreme-court-judgments.s3.amazonaws.com/data/pdf/year=2019/english/2019_9_47_60_EN.pdf
2020_state_of_madhya_pradesh_v_amit_shrivas_2020_11_46_58.pdf,2020_11_46_58,2020,2010-2025,STATE OF MADHYA PRADESH & ORS. versus AMIT SHRIVAS,[2020] 11 S.C.R. 46,2020 INSC 565,2020-09-29,Appeal(s) allowed,SANJAY KISHAN KAUL; ANIRUDDHA BOSE; KRISHNA MURARI,SANJAY KISHAN KAUL,3,CIVIL APPEAL No. 8564/2015,False,13,medium,https://indian-supreme-court-judgments.s3.amazonaws.com/data/pdf/year=2020/english/2020_11_46_58_EN.pdf
2020_satya_deo_bhoorey_v_state_of_uttar_pradesh_2020_12_128_150.pdf,2020_12_128_150,2020,2010-2025,SATYA DEO @ BHOOREY versus STATE OF UTTAR PRADESH,[2020] 12 S.C.R. 128,2020 INSC 577,2020-10-07,Directions issued,S. ABDUL NAZEER; SANJIV KHANNA,S. ABDUL NAZEER,2,CRIMINAL APPEAL No. 860/2019,True,23,medium,https://indian-supreme-court-judgments.s3.amazonaws.com/data/pdf/year=2020/english/2020_12_128_150_EN.pdf
2020_varadarajan_v_kanakavalli_2020_1_132_144.pdf,2020_1_132_144,2020,2010-2025,VARADARAJAN versus KANAKAVALLI & ORS.,[2020] 1 S.C.R. 132,2020 INSC 75,2020-01-22,Appeal(s) allowed,L. NAGESWARA RAO; HEMANT GUPTA,L. NAGESWARA RAO,2,CIVIL APPEAL No. 5673/2009,False,13,medium,https://indian-supreme-court-judgments.s3.amazonaws.com/data/pdf/year=2020/english/2020_1_132_144_EN.pdf
2020_balwant_singh_d_lr_v_dungar_singh_d_lrs_2020_1_609_615.pdf,2020_1_609_615,2020,2010-2025,BALWANT SINGH (D) THR. LR. versus DUNGAR SINGH (D) THR. LRS.,[2020] 1 S.C.R. 609,2020 INSC 172,2020-02-12,Disposed off,R. BANUMATHI; A.S. BOPANNA,R. BANUMATHI,2,CIVIL APPEAL No. 7850/2009,False,7,short,https://indian-supreme-court-judgments.s3.amazonaws.com/data/pdf/year=2020/english/2020_1_609_615_EN.pdf
2020_ratnagiri_nagar_parishad_v_gangaram_narayan_ambekar_2020_6_303_331.pdf,2020_6_303_331,2020,2010-2025,RATNAGIRI NAGAR PARISHAD versus GANGARAM NARAYAN AMBEKAR & ORS.,[2020] 6 S.C.R. 303,2020 INSC 388,2020-05-06,Appeal(s) allowed,A.M. KHANWILKAR; DINESH MAHESHWARI,A.M. KHANWILKAR,2,CIVIL APPEAL No. 2412/2020,False,29,medium,https://indian-supreme-court-judgments.s3.amazonaws.com/data/pdf/year=2020/english/2020_6_303_331_EN.pdf
2020_ganesan_v_state_represented_its_inspec_2020_8_768_781.pdf,2020_8_768_781,2020,2010-2025,GANESAN versus STATE REPRESENTED BY ITS INSPECTOR OF POLICE,[2020] 8 S.C.R. 768,2020 INSC 596,2020-10-14,Dismissed,ASHOK BHUSHAN; M.R. SHAH; R. SUBHASH REDDY,ASHOK BHUSHAN,3,CRIMINAL APPEAL No. 680/2020,True,14,medium,https://indian-supreme-court-judgments.s3.amazonaws.com/data/pdf/year=2020/english/2020_8_768_781_EN.pdf
2021_state_of_gujarat_v_narayan_narayan_sai_mota_bha_2021_10_330_352.pdf,2021_10_330_352,2021,2010-2025,STATE OF GUJARAT & ANR. versus NARAYAN @ NARAYAN SAI @ MOTA BHAGWAN ASARAM @ ASUMAL HARPALANI,[2021] 10 S.C.R. 330,2021 INSC 653,2021-10-20,Appeal(s) allowed,D.Y. CHANDRACHUD; B.V. NAGARATHNA,D.Y. CHANDRACHUD,2,CRIMINAL APPEAL No. 1159/2021,True,23,medium,https://indian-supreme-court-judgments.s3.amazonaws.com/data/pdf/year=2021/english/2021_10_330_352_EN.pdf
2021_rajasthan_high_court_jodhpur_v_akashdeep_morya_2021_10_723_741.pdf,2021_10_723_741,2021,2010-2025,"RAJASTHAN HIGH COURT, JODHPUR versus AKASHDEEP MORYA & ANR.",[2021] 10 S.C.R. 723,2021 INSC 485,2021-09-16,Appeal(s) allowed,K.M. JOSEPH; PAMIDIGHANTAM SRI NARASIMHA,K.M. JOSEPH,2,CIVIL APPEAL No. 5733/2021,False,19,medium,https://indian-supreme-court-judgments.s3.amazonaws.com/data/pdf/year=2021/english/2021_10_723_741_EN.pdf
2021_smriti_madan_kansagra_v_perry_kansagra_2021_10_742_824.pdf,2021_10_742_824,2021,2010-2025,SMRITI MADAN KANSAGRA versus PERRY KANSAGRA,[2021] 10 S.C.R. 742,2021 INSC 632,2021-10-07,Disposed off,UDAY UMESH LALIT; AJAY RASTOGI; HEMANT GUPTA,UDAY UMESH LALIT,3,MISCELLANEOUS APPLICATION No. 1167/2021,False,83,long,https://indian-supreme-court-judgments.s3.amazonaws.com/data/pdf/year=2021/english/2021_10_742_824_EN.pdf
2021_state_of_haryana_v_m_s_shiv_shankar_constructio_2021_12_294_303.pdf,2021_12_294_303,2021,2010-2025,STATE OF HARYANA versus M/S. SHIV SHANKAR CONSTRUCTION CO. & ANR.,[2021] 12 S.C.R. 294,2021 INSC 888,2021-12-14,Case Partly allowed,M.R. SHAH; B.V. NAGARATHNA,M.R. SHAH,2,CIVIL APPEAL No. 7379/2021,False,10,medium,https://indian-supreme-court-judgments.s3.amazonaws.com/data/pdf/year=2021/english/2021_12_294_303_EN.pdf
2021_noorulla_khan_v_karnataka_state_pollution_co_2021_7_243_249.pdf,2021_7_243_249,2021,2010-2025,NOORULLA KHAN versus KARNATAKA STATE POLLUTION CONTROL BOARD & ANR.,[2021] 7 S.C.R. 243,2021 INSC 330,2021-07-13,Dismissed,UDAY UMESH LALIT; AJAY RASTOGI,UDAY UMESH LALIT,2,CRIMINAL APPEAL No. 599/2021,True,7,short,https://indian-supreme-court-judgments.s3.amazonaws.com/data/pdf/year=2021/english/2021_7_243_249_EN.pdf
2021_union_of_india_v_onkar_nath_dhar_2021_8_194_211.pdf,2021_8_194_211,2021,2010-2025,UNION OF INDIA & ANR versus ONKAR NATH DHAR,[2021] 8 S.C.R. 194,2021 INSC 382,2021-08-05,Appeal(s) allowed,HEMANT GUPTA; A.S. BOPANNA,HEMANT GUPTA,2,CIVIL APPEAL No. 6619/2014,False,18,medium,https://indian-supreme-court-judgments.s3.amazonaws.com/data/pdf/year=2021/english/2021_8_194_211_EN.pdf
2021_state_of_haryana_v_raj_kumar_bittu_2021_8_320_344.pdf,2021_8_320_344,2021,2010-2025,THE STATE OF HARYANA & ORS versus RAJ KUMAR @ BITTU,[2021] 8 S.C.R. 320,2021 INSC 377,2021-08-03,Disposed off,HEMANT GUPTA; A.S. BOPANNA,HEMANT GUPTA,2,CRIMINAL APPEAL No. 721/2021,True,25,medium,https://indian-supreme-court-judgments.s3.amazonaws.com/data/pdf/year=2021/english/2021_8_320_344_EN.pdf
2021_union_of_india_v_methu_meda_2021_8_657_670.pdf,2021_8_657_670,2021,2010-2025,UNION OF INDIA AND OTHERS versus METHU MEDA,[2021] 8 S.C.R. 657,2021 INSC 623,2021-10-06,Leave Granted & Allowed,INDIRA BANERJEE; J.K. MAHESHWARI,INDIRA BANERJEE,2,CIVIL APPEAL No. 6238/2021,False,14,medium,https://indian-supreme-court-judgments.s3.amazonaws.com/data/pdf/year=2021/english/2021_8_657_670_EN.pdf
2021_saregama_india_limited_v_next_radio_limited_2021_9_137_151.pdf,2021_9_137_151,2021,2010-2025,SAREGAMA INDIA LIMITED versus NEXT RADIO LIMITED & ORS.,[2021] 9 S.C.R. 137,2021 INSC 554,2021-09-27,Appeal(s) allowed,D.Y. CHANDRACHUD; B.V. NAGARATHNA,D.Y. CHANDRACHUD,2,CIVIL APPEAL No. 5985/2021,False,15,medium,https://indian-supreme-court-judgments.s3.amazonaws.com/data/pdf/year=2021/english/2021_9_137_151_EN.pdf
2021_vishwabandhu_v_sri_krishna_2021_9_15_22.pdf,2021_9_15_22,2021,2010-2025,VISHWABANDHU versus SRI KRISHNA AND ANR.,[2021] 9 S.C.R. 15,2021 INSC 570,2021-09-29,Appeal(s) allowed,UDAY UMESH LALIT; S. RAVINDRA BHAT,UDAY UMESH LALIT,2,CIVIL APPEAL No. 6094/2021,False,8,short,https://indian-supreme-court-judgments.s3.amazonaws.com/data/pdf/year=2021/english/2021_9_15_22_EN.pdf
2021_taijuddin_v_state_of_assam_2021_9_444_450.pdf,2021_9_444_450,2021,2010-2025,TAIJUDDIN versus STATE OF ASSAM & ORS.,[2021] 9 S.C.R. 444,2021 INSC 809,2021-12-01,Appeal(s) allowed,SANJAY KISHAN KAUL; M.M. SUNDRESH,SANJAY KISHAN KAUL,2,CRIMINAL APPEAL No. 1526/2021,True,7,short,https://indian-supreme-court-judgments.s3.amazonaws.com/data/pdf/year=2021/english/2021_9_444_450_EN.pdf
2022_employees_provident_fund_org_v_sunil_kumar_b_2022_11_959_1000.pdf,2022_11_959_1000,2022,2010-2025,THE EMPLOYEES PROVIDENT FUND ORGANISATION & ANR. ETC. versus SUNIL KUMAR B. & ORS. ETC.,[2022] 11 S.C.R. 959,2021 INSC 422,2022-11-04,Appeal(s) allowed,UDAY UMESH LALIT; ANIRUDDHA BOSE; SUDHANSHU DHULIA,UDAY UMESH LALIT,3,CIVIL APPEAL No. 8143/2022,False,42,long,https://indian-supreme-court-judgments.s3.amazonaws.com/data/pdf/year=2022/english/2022_11_959_1000_EN.pdf
2022_state_of_punjab_v_dev_brat_sharma_2022_2_528_545.pdf,2022_2_528_545,2022,2010-2025,STATE OF PUNJAB AND OTHERS versus DEV BRAT SHARMA,[2022] 2 S.C.R. 528,2022 INSC 316,2022-03-16,Appeal(s) allowed,DINESH MAHESHWARI; VIKRAM NATH,DINESH MAHESHWARI,2,CIVIL APPEAL No. 2064/2022,False,18,medium,https://indian-supreme-court-judgments.s3.amazonaws.com/data/pdf/year=2022/english/2022_2_528_545_EN.pdf
2022_state_of_madhya_pradesh_v_r_d_sharma_2022_2_707_719.pdf,2022_2_707_719,2022,2010-2025,STATE OF MADHYA PRADESH versus R.D. SHARMA AND ANR.,[2022] 2 S.C.R. 707,2022 INSC 101,2022-01-27,Appeal(s) allowed,D.Y. CHANDRACHUD; BELA M. TRIVEDI,D.Y. CHANDRACHUD,2,CIVIL APPEAL No. 474/2022,False,13,medium,https://indian-supreme-court-judgments.s3.amazonaws.com/data/pdf/year=2022/english/2022_2_707_719_EN.pdf
2022_jahir_hak_v_state_of_rajasthan_2022_3_101_106.pdf,2022_3_101_106,2022,2010-2025,JAHIR HAK versus THE STATE OF RAJASTHAN,[2022] 3 S.C.R. 101,2022 INSC 412,2022-04-11,Appeal(s) allowed,K.M. JOSEPH; HRISHIKESH ROY,,2,CRIMINAL APPEAL No. 605/2022,True,6,short,https://indian-supreme-court-judgments.s3.amazonaws.com/data/pdf/year=2022/english/2022_3_101_106_EN.pdf
2022_rathish_babu_unnikrishnan_v_state_govt_of_nct_of_delhi_2022_4_989_1001.pdf,2022_4_989_1001,2022,2010-2025,RATHISH BABU UNNIKRISHNAN versus THE STATE (GOVT. OF NCT OF DELHI) & ANR.,[2022] 4 S.C.R. 989,2022 INSC 480,2022-04-26,Dismissed,K.M. JOSEPH; HRISHIKESH ROY,K.M. JOSEPH,2,CRIMINAL APPEAL No. 694/2022,True,13,medium,https://indian-supreme-court-judgments.s3.amazonaws.com/data/pdf/year=2022/english/2022_4_989_1001_EN.pdf
2022_k_kumara_gupta_v_sri_markendaya_sri_omkareswa_2022_8_968_990.pdf,2022_8_968_990,2022,2010-2025,K. KUMARA GUPTA versus SRI MARKENDAYA AND SRI OMKARESWARA SWAMY TEMPLE & ORS,[2022] 8 S.C.R. 968,2022 INSC 207,2022-02-18,Appeal(s) allowed,M.R. SHAH; B.V. NAGARATHNA,M.R. SHAH,2,CIVIL APPEAL No. 791/2022,False,23,medium,https://indian-supreme-court-judgments.s3.amazonaws.com/data/pdf/year=2022/english/2022_8_968_990_EN.pdf
2022_future_coupons_private_limit_v_amazon_com_nv_investment_hol_2022_9_293_299.pdf,2022_9_293_299,2022,2010-2025,FUTURE COUPONS PRIVATE LIMITED & ORS. versus AMAZON.COM NV INVESTMENT HOLDINGS LLC & ORS,[2022] 9 S.C.R. 293,2022 INSC 183,2022-02-15,Disposed off,N.V. RAMANA; A.S. BOPANNA; HIMA KOHLI,,3,CIVIL APPEAL No. 859/2022,False,7,short,https://indian-supreme-court-judgments.s3.amazonaws.com/data/pdf/year=2022/english/2022_9_293_299_EN.pdf
2023_state_of_u_p_v_sonu_kushwaha_2023_10_993_1000.pdf,2023_10_993_1000,2023,2010-2025,STATE OF U.P versus SONU KUSHWAHA,[2023] 10 S.C.R. 993,2023 INSC 603,2023-07-05,Appeal(s) allowed,ABHAY S. OKA; RAJESH BINDAL,ABHAY S. OKA,2,CRIMINAL APPEAL No. 1633/2023,True,8,short,https://indian-supreme-court-judgments.s3.amazonaws.com/data/pdf/year=2023/english/2023_10_993_1000_EN.pdf
2023_irfan_naka_v_state_of_uttar_pradesh_2023_11_789_821.pdf,2023_11_789_821,2023,2010-2025,IRFAN @ NAKA versus THE STATE OF UTTAR PRADESH,[2023] 11 S.C.R. 789,2023 INSC 758,2023-08-23,Appeal(s) allowed,BHUSHAN RAMKRISHNA GAVAI; J.B. PARDIWALA; PRASHANT KUMAR MISHRA,BHUSHAN RAMKRISHNA GAVAI,3,CRIMINAL APPEAL No. 825/2022,True,33,medium,https://indian-supreme-court-judgments.s3.amazonaws.com/data/pdf/year=2023/english/2023_11_789_821_EN.pdf
2023_dinganglung_gangmei_v_mutum_churamani_meetei_2023_12_1083_1117.pdf,2023_12_1083_1117,2023,2010-2025,DINGANGLUNG GANGMEI versus MUTUM CHURAMANI MEETEI & ORS,[2023] 12 S.C.R. 1083,2023 INSC 698,2023-08-07,Directions issued,D.Y. CHANDRACHUD; J.B. PARDIWALA; MANOJ MISRA,D.Y. CHANDRACHUD,3,SPECIAL LEAVE PETITION (CIVIL) No. 19206/2023,False,35,medium,https://indian-supreme-court-judgments.s3.amazonaws.com/data/pdf/year=2023/english/2023_12_1083_1117_EN.pdf
2023_commanding_officer_railway_p_v_bhavnaben_dinshbhai_bhabhor_2023_12_660_681.pdf,2023_12_660_681,2023,2010-2025,"COMMANDING OFFICER, RAILWAY PROTECTION SPECIAL FORCE, MUMBAI versus BHAVNABEN DINSHBHAI BHABHOR & OTHERS",[2023] 12 S.C.R. 660,2023 INSC 859,2023-09-26,Dismissed,B.V. NAGARATHNA; MANOJ MISRA,B.V. NAGARATHNA,2,CIVIL APPEAL No. 3592/2019,False,22,medium,https://indian-supreme-court-judgments.s3.amazonaws.com/data/pdf/year=2023/english/2023_12_660_681_EN.pdf
2023_naim_ahamed_v_state_nct_of_delhi_2023_1_1061_1078.pdf,2023_1_1061_1078,2023,2010-2025,NAIM AHAMED versus STATE (NCT OF DELHI),[2023] 1 S.C.R. 1061,2023 INSC 85,2023-01-30,Appeal(s) allowed,AJAY RASTOGI; BELA M. TRIVEDI,AJAY RASTOGI,2,CRIMINAL APPEAL No. 257/2023,True,18,medium,https://indian-supreme-court-judgments.s3.amazonaws.com/data/pdf/year=2023/english/2023_1_1061_1078_EN.pdf
2023_state_central_bureau_of_inve_v_t_gangi_reddy_yerra_gangi_re_2023_1_741_764.pdf,2023_1_741_764,2023,2010-2025,THE STATE THROUGH CENTRAL BUREAU OF INVESTIGATION versus T. GANGI REDDY @ YERRA GANGI REDDY,[2023] 1 S.C.R. 741,2023 INSC 44,2023-01-16,Appeal(s) allowed,M.R. SHAH; C.T. RAVIKUMAR,M.R. SHAH,2,CRIMINAL APPEAL No. 37/2023,True,24,medium,https://indian-supreme-court-judgments.s3.amazonaws.com/data/pdf/year=2023/english/2023_1_741_764_EN.pdf
2023_b_v_seshaiah_v_state_of_telangana_2023_2_293_296.pdf,2023_2_293_296,2023,2010-2025,B V SESHAIAH versus THE STATE OF TELANGANA & ANR,[2023] 2 S.C.R. 293,2023 INSC 93,2023-02-01,Appeal(s) allowed,KRISHNA MURARI; V. RAMASUBRAMANIAN,KRISHNA MURARI,2,CRIMINAL APPEAL No. 284/2023,True,4,short,https://indian-supreme-court-judgments.s3.amazonaws.com/data/pdf/year=2023/english/2023_2_293_296_EN.pdf
2023_m_s_gail_india_limited_v_m_s_indian_petrochemicals_co_2023_2_326_338.pdf,2023_2_326_338,2023,2010-2025,M/S. GAIL (INDIA) LIMITED versus M/S. INDIAN PETROCHEMICALS CORP. LTD. & ORS.,[2023] 2 S.C.R. 326,2023 INSC 103,2023-02-08,Case Partly allowed,SANJAY KISHAN KAUL; ABHAY S. OKA,SANJAY KISHAN KAUL,2,CIVIL APPEAL No. 3504/2010,False,13,medium,https://indian-supreme-court-judgments.s3.amazonaws.com/data/pdf/year=2023/english/2023_2_326_338_EN.pdf
