file,verdict,case_id,name,date,details_from,pages,opinions,paragraphs,numbering,chunks,reasons
2017_apollo_institute_of_medical__v_union_of_india_2017_9_697_705.pdf,review,apollo_institute_of_medical_sciences_research_2017,Apollo Institute of Medical Sciences & Research v. Union of India,2017-08-31,dataset,9,1,9,original,15,"About 2.1% of words are malformed (poor OCR in the PDF). Names, numbers and citations from it are unreliable. | This is a law-report copy: the headnote was left out and page numbers are pages of this PDF."
2017_greater_bombay_co_operative__v_mr_nagraj_ganeshmal_jain_2017_6_437_443.pdf,review,the_greater_bombay_co_operative_bank_2017,The Greater Bombay Co-Operative Bank Limited v. Mr. Nagraj Ganeshmal Jain,2017-07-26,dataset,7,1,12,original,14,"Paragraph numbers are not continuous: opinion 1 skips [10]. A number may have been misread, or the court skipped it. | This is a law-report copy: the headnote was left out and page numbers are pages of this PDF."
2017_indian_oil_corporation_limit_v_kerala_state_road_transport__2017_14_507_518.pdf,review,indian_oil_corporation_limited_2017,Indian Oil Corporation Limited v. Kerala State Road Transport Corpgration,2017-11-07,dataset,12,1,21,original,25,"Paragraph numbers are not continuous: opinion 1 skips [16]. A number may have been misread, or the court skipped it. | About 1.4% of words are malformed (poor OCR in the PDF). Names, numbers and citations from it are unreliable. | This is a law-report copy: the headnote was left out and page numbers are pages of this PDF."
2017_lekh_raj_dead_l_rs_v_ranjit_singh_2017_7_542_550.pdf,review,lekh_raj_2017,Lekh Raj (Dead) v. Ranjit Singh,2017-08-16,dataset,9,1,25,original,24,"Paragraph numbers are not continuous: opinion 1 skips [24]. A number may have been misread, or the court skipped it. | This is a law-report copy: the headnote was left out and page numbers are pages of this PDF."
2017_securities_exchange_board_of_v_shri_kanaiyalal_baldevbhai_p_2017_14_268_300.pdf,review,securities_and_exchange_board_of_india_2017,Securities and Exchange Board of India v. Shri Kanaiyalal Baldevbhai Patel,2017-09-20,dataset,33,2,48,mixed,73,"Paragraph numbers are not continuous: opinion 1 skips [18, 21, 31]. A number may have been misread, or the court skipped it. | 1 of 2 opinions have no paragraph numbers. Those passages are cited by page, not by paragraph. | 2 of 2 opinions are not marked majority, concurring or dissenting. Passages from them must not be shown as the court's holding until that is filled in. | About 2.8% of words are malformed (poor OCR in the PDF). Names, numbers and citations from it are unreliable. | 1 page(s) are in two columns; check that the columns were read in order. | This is a law-report copy: the headnote was left out and page numbers are pages of this PDF."
2017_state_of_gujarat_v_reliance_industries_ltd_2017_13_25_47.pdf,review,state_of_gujarat_v_reliance_industries_2017,State of Gujarat v. Reliance Industries Ltd,2017-09-22,dataset,23,1,105,synthetic,55,"The judgment has no paragraph numbers. Those passages are cited by page, not by paragraph. | About 0.9% of words are malformed (poor OCR in the PDF). Names, numbers and citations from it are unreliable. | This is a law-report copy: the headnote was left out and page numbers are pages of this PDF."
2017_state_of_haryanaand_v_hindustan_construction_compa_2017_9_482_489.pdf,review,the_state_of_haryanaand_others_2017,The State of Haryanaand Others v. Hindustan Construction Company Ltd,2017-09-15,dataset,8,1,6,synthetic,13,"The judgment has no paragraph numbers. Those passages are cited by page, not by paragraph. | This is a law-report copy: the headnote was left out and page numbers are pages of this PDF."
2018_asian_resurfacing_of_road_ag_v_central_bureau_of_investigat_2018_2_1045_1098.pdf,review,asian_resurfacing_of_road_agency_pvt_2018,Asian Resurfacing of Road Agency Pvt. Ltd v. Central Bureau of Investigation,2018-03-28,dataset,54,2,53,original,109,"Paragraph numbers are not continuous: opinion 1 skips [21, 24]; opinion 2 skips [14]. A number may have been misread, or the court skipped it. | 1 of 2 opinions are not marked majority, concurring or dissenting. Passages from them must not be shown as the court's holding until that is filled in. | 1 page(s) are in two columns; check that the columns were read in order. | This is a law-report copy: the headnote was left out and page numbers are pages of this PDF."
2018_bhaskar_shrachi_alloys_ltd_v_damodar_valley_corporation_2018_10_773_809.pdf,review,bhaskar_shrachi_alloys_ltd_etc_etc_2018,Bhaskar Shrachi Alloys Ltd. Etc.Etc v. Damodar Valley Corporation,2018-07-23,dataset,37,1,51,original,73,"Paragraph numbers are not continuous: opinion 1 skips [12, 19, 31, 41, 49]. A number may have been misread, or the court skipped it. | This is a law-report copy: the headnote was left out and page numbers are pages of this PDF."
2018_chairman_v_o_chidambaranar_p_v_capt_paul_nadar_bennet_singh_2018_13_942_949.pdf,review,the_chairman_v_o_chidambaranar_port_2018,The Chairman V. O. Chidambaranar Port Trust v. Capt. Paul Nadar Bennet Singh,2018-12-06,dataset,8,1,17,original,19,This is a law-report copy: the headnote was left out and page numbers are pages of this PDF.
2018_dashrath_singh_chauhan_v_central_bureau_of_investigat_2018_12_914_922.pdf,review,dashrath_singh_chauhan_2018,Dashrath Singh Chauhan v. Central Bureau of Investigation,2018-10-09,dataset,9,1,32,original,27,"Paragraph numbers are not continuous: opinion 1 skips [19, 30]. A number may have been misread, or the court skipped it. | This is a law-report copy: the headnote was left out and page numbers are pages of this PDF."
2018_dilawar_v_state_of_haryana_2018_5_655_661.pdf,review,dilawar_2018,Dilawar v. The State of Haryana,2018-05-01,dataset,7,1,8,original,8,"Paragraph numbers are not continuous: opinion 1 skips [2]. A number may have been misread, or the court skipped it. | This is a law-report copy: the headnote was left out and page numbers are pages of this PDF."
2018_j_s_luthra_academy_v_state_of_jammu_kashmir_2018_10_1098_1118.pdf,review,j_s_luthra_academy_2018,J. S. Luthra Academy v. State of Jammu and Kashmir,2018-10-30,dataset,21,1,16,original,40,This is a law-report copy: the headnote was left out and page numbers are pages of this PDF.
2018_menoka_malik_v_state_of_west_bengal_2018_10_707_725.pdf,review,menoka_malik_2018,Menoka Malik v. The State of West Bengal,2018-08-28,dataset,19,1,23,original,34,"Paragraph numbers are not continuous: opinion 1 skips [9, 17, 23]. A number may have been misread, or the court skipped it. | This is a law-report copy: the headnote was left out and page numbers are pages of this PDF."
2018_mohd_sahid_v_raziya_khanam_d_lrs_2018_12_963_971.pdf,review,mohd_sahid_2018,Mohd. Sahid v. Raziya Khanam (D),2018-10-10,dataset,9,1,18,original,20,"Paragraph numbers are not continuous: opinion 1 skips [5, 11]. A number may have been misread, or the court skipped it. | This is a law-report copy: the headnote was left out and page numbers are pages of this PDF."
2018_reema_salkan_v_sumer_singh_salkan_2018_12_350_361.pdf,review,reema_salkan_2018,Reema Salkan v. Sumer Singh Salkan,2018-09-25,dataset,12,1,16,original,26,"Paragraph numbers are not continuous: opinion 1 skips [9]. A number may have been misread, or the court skipped it. | This is a law-report copy: the headnote was left out and page numbers are pages of this PDF."
2018_state_of_haryana_v_rajesh_aggarwal_2018_10_925_928.pdf,review,state_of_haryana_v_rajesh_aggarwal_2018,State of Haryana v. Rajesh Aggarwal,2018-08-20,dataset,4,1,18,original,9,This is a law-report copy: the headnote was left out and page numbers are pages of this PDF.
2018_union_of_india_v_leen_martin_2018_1_656_660.pdf,review,union_of_india_v_leen_martin_2018,Union of India v. Leen Martin,2018-02-01,dataset,5,1,14,synthetic,11,"The judgment has no paragraph numbers. Those passages are cited by page, not by paragraph. | This is a law-report copy: the headnote was left out and page numbers are pages of this PDF."
2019_bijay_kumar_singh_v_amit_kumar_chamariya_2019_13_1028_1043.pdf,review,bijay_kumar_singh_2019,Bijay Kumar Singh v. Amit Kumar Chamariya,2019-10-22,dataset,16,1,20,original,34,"Paragraph numbers are not continuous: opinion 1 skips [7, 15]. A number may have been misread, or the court skipped it. | This is a law-report copy: the headnote was left out and page numbers are pages of this PDF."
2019_devi_lal_v_state_of_rajasthan_2019_1_168_178.pdf,review,devi_lal_2019,Devi Lal v. State of Rajasthan,2019-01-08,dataset,11,1,18,original,20,This is a law-report copy: the headnote was left out and page numbers are pages of this PDF.
2019_k_arjun_das_v_commissioner_of_endowments_o_2019_13_307_322.pdf,review,k_arjun_das_2019,"K. Arjun Das v. Commissioner of Endowments, Orissa",2019-09-17,dataset,16,1,33,original,34,"Paragraph numbers are not continuous: opinion 1 skips [6, 20, 34]. A number may have been misread, or the court skipped it. | This is a law-report copy: the headnote was left out and page numbers are pages of this PDF."
2019_narender_kumar_v_union_of_india_2019_6_482_506.pdf,review,narender_kumar_2019,Narender Kumar v. Union of India,2019-04-08,dataset,25,1,26,original,50,"Paragraph numbers are not continuous: opinion 1 skips [7, 18, 19, 21]. A number may have been misread, or the court skipped it. | This is a law-report copy: the headnote was left out and page numbers are pages of this PDF."
2019_niravkumar_dilipbhai_makwana_v_gujarat_public_service_commi_2019_9_47_60.pdf,review,niravkumar_dilipbhai_makwana_2019,Niravkumar Dilipbhai Makwana v. Gujarat Public Service Commission,2019-07-04,dataset,14,1,34,original,34,"Paragraph numbers are not continuous: opinion 1 skips [18, 26, 33]. A number may have been misread, or the court skipped it. | This is a law-report copy: the headnote was left out and page numbers are pages of this PDF."
2019_pr_commissioner_of_income_ta_v_m_s_aarham_softronics_2019_4_409_432.pdf,review,pr_commissioner_of_income_tax_shimla_2019,Pr. Commissioner of Income Tax Shimla v. M/S Aarham Softronics,2019-02-20,dataset,24,1,24,original,42,"Paragraph numbers are not continuous: opinion 1 skips [10]. A number may have been misread, or the court skipped it. | This is a law-report copy: the headnote was left out and page numbers are pages of this PDF."
2019_shri_n_k_janu_deputy_directo_v_lakshmi_chandra_2019_5_618_630.pdf,review,n_k_janu_deputy_director_social_2019,"Shri N. K. Janu,Deputy Director Social Forestary Division, Agra v. Lakshmi Chandra",2019-04-10,dataset,13,1,21,original,27,"Paragraph numbers are not continuous: opinion 1 skips [18, 21]. A number may have been misread, or the court skipped it. | This is a law-report copy: the headnote was left out and page numbers are pages of this PDF."
2019_silppi_constructions_contrac_v_union_of_india_2019_10_932_948.pdf,review,silppi_constructions_contractors_2019,Silppi Constructions Contractors v. Union of India,2019-06-21,dataset,17,1,31,original,35,"Paragraph numbers are not continuous: opinion 1 skips [31]. A number may have been misread, or the court skipped it. | This is a law-report copy: the headnote was left out and page numbers are pages of this PDF."
2019_state_of_madhya_pradesh_v_harjeet_singh_2019_4_564_576.pdf,review,state_of_madhya_pradesh_v_harjeet_2019,State of Madhya Pradesh v. Harjeet Singh,2019-02-19,dataset,13,1,18,synthetic,21,"The judgment has no paragraph numbers. Those passages are cited by page, not by paragraph. | This is a law-report copy: the headnote was left out and page numbers are pages of this PDF."
2019_zonal_manager_bank_of_india__v_aarya_k_babu_2019_11_627_639.pdf,review,zonal_manager_bank_of_india_zonal_2019,"Zonal Manager, Bank of India, Zonal Office, Kochi v. Aarya K. Babu",2019-08-08,dataset,13,1,18,original,24,"Paragraph numbers are not continuous: opinion 1 skips [10]. A number may have been misread, or the court skipped it. | This is a law-report copy: the headnote was left out and page numbers are pages of this PDF."
2020_balwant_singh_d_lr_v_dungar_singh_d_lrs_2020_1_609_615.pdf,review,balwant_singh_2020,Balwant Singh (D) v. Dungar Singh (D),2020-02-12,dataset,7,1,17,synthetic,13,"6% of the PDF's text is in no paragraph (cause titles and signatures usually account for 1 to 6%). | The judgment has no paragraph numbers. Those passages are cited by page, not by paragraph. | This is a law-report copy: the headnote was left out and page numbers are pages of this PDF."
2020_ganesan_v_state_represented_its_inspec_2020_8_768_781.pdf,review,ganesan_2020,Ganesan v. State,2020-10-14,dataset,14,1,19,original,29,"Paragraph numbers are not continuous: opinion 1 skips [5]. A number may have been misread, or the court skipped it. | This is a law-report copy: the headnote was left out and page numbers are pages of this PDF."
2020_ratnagiri_nagar_parishad_v_gangaram_narayan_ambekar_2020_6_303_331.pdf,review,ratnagiri_nagar_parishad_2020,Ratnagiri Nagar Parishad v. Gangaram Narayan Ambekar,2020-05-06,dataset,29,1,17,original,36,"Paragraph numbers are not continuous: opinion 1 skips [5, 6, 13]. A number may have been misread, or the court skipped it. | This is a law-report copy: the headnote was left out and page numbers are pages of this PDF."
2020_satya_deo_bhoorey_v_state_of_uttar_pradesh_2020_12_128_150.pdf,review,satya_deo_bhoorey_2020,Satya Deo @ Bhoorey v. State of Uttar Pradesh,2020-10-07,dataset,23,1,22,original,44,"Paragraph numbers are not continuous: opinion 1 skips [5]. A number may have been misread, or the court skipped it. | This is a law-report copy: the headnote was left out and page numbers are pages of this PDF."
2020_state_of_madhya_pradesh_v_amit_shrivas_2020_11_46_58.pdf,review,state_of_madhya_pradesh_v_amit_2020,State of Madhya Pradesh v. Amit Shrivas,2020-09-29,dataset,13,1,28,original,28,"Paragraph numbers are not continuous: opinion 1 skips [17, 23]. A number may have been misread, or the court skipped it. | This is a law-report copy: the headnote was left out and page numbers are pages of this PDF."
2020_varadarajan_v_kanakavalli_2020_1_132_144.pdf,review,varadarajan_2020,Varadarajan v. Kanakavalli,2020-01-22,dataset,13,1,15,original,22,This is a law-report copy: the headnote was left out and page numbers are pages of this PDF.
2021_noorulla_khan_v_karnataka_state_pollution_co_2021_7_243_249.pdf,review,noorulla_khan_2021,Noorulla Khan v. Karnataka State Pollution Control Board,2021-07-13,dataset,7,1,10,synthetic,13,"The judgment has no paragraph numbers. Those passages are cited by page, not by paragraph. | This is a law-report copy: the headnote was left out and page numbers are pages of this PDF."
2021_rajasthan_high_court_jodhpur_v_akashdeep_morya_2021_10_723_741.pdf,review,rajasthan_high_court_jodhpur_2021,"Rajasthan High Court, Jodhpur v. Akashdeep Morya",2021-09-16,dataset,19,1,29,original,39,"Paragraph numbers are not continuous: opinion 1 skips [8, 9, 18, 26]. A number may have been misread, or the court skipped it. | This is a law-report copy: the headnote was left out and page numbers are pages of this PDF."
2021_saregama_india_limited_v_next_radio_limited_2021_9_137_151.pdf,review,saregama_india_limited_2021,Saregama India Limited v. Next Radio Limited,2021-09-27,dataset,15,1,23,original,28,"Paragraph numbers are not continuous: opinion 1 skips [17]. A number may have been misread, or the court skipped it. | This is a law-report copy: the headnote was left out and page numbers are pages of this PDF."
2021_smriti_madan_kansagra_v_perry_kansagra_2021_10_742_824.pdf,review,smriti_madan_kansagra_2021,Smriti Madan Kansagra v. Perry Kansagra,2021-10-07,dataset,83,1,43,original,161,"13% of the PDF's text is in no paragraph (cause titles and signatures usually account for 1 to 6%). | Paragraph numbers are not continuous: opinion 1 skips [2, 12, 34]. A number may have been misread, or the court skipped it. | This is a law-report copy: the headnote was left out and page numbers are pages of this PDF."
2021_state_of_gujarat_v_narayan_narayan_sai_mota_bha_2021_10_330_352.pdf,review,state_of_gujarat_v_narayan_narayan_2021,State of Gujarat v. Narayan @ Narayan Sai @ Mota Bhagwan Asaram @ Asumal Harpalani,2021-10-20,dataset,23,1,27,original,43,"Paragraph numbers are not continuous: opinion 1 skips [15]. A number may have been misread, or the court skipped it. | This is a law-report copy: the headnote was left out and page numbers are pages of this PDF."
2021_state_of_haryana_v_m_s_shiv_shankar_constructio_2021_12_294_303.pdf,review,state_of_haryana_v_m_s_2021,State of Haryana v. M/S. Shiv Shankar Construction Co,2021-12-14,dataset,10,1,26,original,23,This is a law-report copy: the headnote was left out and page numbers are pages of this PDF.
2021_state_of_haryana_v_raj_kumar_bittu_2021_8_320_344.pdf,review,the_state_of_haryana_2021,The State of Haryana v. Raj Kumar @ Bittu,2021-08-03,dataset,25,1,24,original,39,This is a law-report copy: the headnote was left out and page numbers are pages of this PDF.
2021_taijuddin_v_state_of_assam_2021_9_444_450.pdf,review,taijuddin_2021,Taijuddin v. State of Assam,2021-12-01,dataset,7,1,16,original,16,This is a law-report copy: the headnote was left out and page numbers are pages of this PDF.
2021_union_of_india_v_methu_meda_2021_8_657_670.pdf,review,union_of_india_v_methu_meda_2021,Union of India v. Methu Meda,2021-10-06,dataset,14,1,20,original,26,"Paragraph numbers are not continuous: opinion 1 skips [13]. A number may have been misread, or the court skipped it. | This is a law-report copy: the headnote was left out and page numbers are pages of this PDF."
2021_union_of_india_v_onkar_nath_dhar_2021_8_194_211.pdf,review,union_of_india_v_onkar_nath_2021,Union of India v. Onkar Nath Dhar,2021-08-05,dataset,18,1,21,original,34,"Paragraph numbers are not continuous: opinion 1 skips [10]. A number may have been misread, or the court skipped it. | This is a law-report copy: the headnote was left out and page numbers are pages of this PDF."
2021_vishwabandhu_v_sri_krishna_2021_9_15_22.pdf,review,vishwabandhu_2021,Vishwabandhu v. Sri Krishna,2021-09-29,dataset,8,1,22,original,17,This is a law-report copy: the headnote was left out and page numbers are pages of this PDF.
2022_employees_provident_fund_org_v_sunil_kumar_b_2022_11_959_1000.pdf,review,the_employees_provident_fund_organisation_2022,The Employees Provident Fund Organisation v. Sunil Kumar B,2022-11-04,dataset,42,1,44,original,78,"Paragraph numbers are not continuous: opinion 1 skips [6, 7, 20]. A number may have been misread, or the court skipped it. | This is a law-report copy: the headnote was left out and page numbers are pages of this PDF."
2022_future_coupons_private_limit_v_amazon_com_nv_investment_hol_2022_9_293_299.pdf,review,future_coupons_private_limited_2022,Future Coupons Private Limited v. Amazon.Com Nv Investment Holdings Llc,2022-02-15,dataset,7,1,17,original,14,This is a law-report copy: the headnote was left out and page numbers are pages of this PDF.
2022_jahir_hak_v_state_of_rajasthan_2022_3_101_106.pdf,review,jahir_hak_2022,Jahir Hak v. The State of Rajasthan,2022-04-11,dataset,6,1,11,original,14,This is a law-report copy: the headnote was left out and page numbers are pages of this PDF.
2022_k_kumara_gupta_v_sri_markendaya_sri_omkareswa_2022_8_968_990.pdf,review,k_kumara_gupta_2022,K. Kumara Gupta v. Sri Markendaya and Sri Omkareswara Swamy Temple,2022-02-18,dataset,23,1,13,original,54,"Paragraph numbers are not continuous: opinion 1 skips [2, 10, 11]. A number may have been misread, or the court skipped it. | This is a law-report copy: the headnote was left out and page numbers are pages of this PDF."
2022_rathish_babu_unnikrishnan_v_state_govt_of_nct_of_delhi_2022_4_989_1001.pdf,review,rathish_babu_unnikrishnan_2022,Rathish Babu Unnikrishnan v. The State (Govt. of Nct of Delhi),2022-04-26,dataset,13,1,19,original,20,"Paragraph numbers are not continuous: opinion 1 skips [7]. A number may have been misread, or the court skipped it. | This is a law-report copy: the headnote was left out and page numbers are pages of this PDF."
2022_state_of_madhya_pradesh_v_r_d_sharma_2022_2_707_719.pdf,review,state_of_madhya_pradesh_v_r_2022,State of Madhya Pradesh v. R.D. Sharma,2022-01-27,dataset,13,1,16,original,20,This is a law-report copy: the headnote was left out and page numbers are pages of this PDF.
2022_state_of_punjab_v_dev_brat_sharma_2022_2_528_545.pdf,review,state_of_punjab_v_dev_brat_2022,State of Punjab v. Dev Brat Sharma,2022-03-16,dataset,18,1,39,original,39,This is a law-report copy: the headnote was left out and page numbers are pages of this PDF.
2023_b_v_seshaiah_v_state_of_telangana_2023_2_293_296.pdf,review,b_v_seshaiah_2023,B v Seshaiah v. The State of Telangana,2023-02-01,dataset,4,1,12,original,10,This is a law-report copy: the headnote was left out and page numbers are pages of this PDF.
2023_commanding_officer_railway_p_v_bhavnaben_dinshbhai_bhabhor_2023_12_660_681.pdf,review,commanding_officer_railway_protection_special_force_2023,"Commanding Officer, Railway Protection Special Force, Mumbai v. Bhavnaben Dinshbhai Bhabhor",2023-09-26,dataset,22,1,64,original,55,16% of the PDF's text is in no paragraph (cause titles and signatures usually account for 1 to 6%). | This is a law-report copy: the headnote was left out and page numbers are pages of this PDF.
2023_dinganglung_gangmei_v_mutum_churamani_meetei_2023_12_1083_1117.pdf,review,dinganglung_gangmei_2023,Dinganglung Gangmei v. Mutum Churamani Meetei,2023-08-07,dataset,35,3,59,original,57,"19% of the PDF's text is in no paragraph (cause titles and signatures usually account for 1 to 6%). | Paragraph numbers are not continuous: opinion 1 skips [20]. A number may have been misread, or the court skipped it. | 3 of 3 opinions are not marked majority, concurring or dissenting. Passages from them must not be shown as the court's holding until that is filled in. | 2 of 3 opinions do not name their author. | This is a law-report copy: the headnote was left out and page numbers are pages of this PDF."
2023_irfan_naka_v_state_of_uttar_pradesh_2023_11_789_821.pdf,review,irfan_naka_2023,Irfan @ Naka v. The State of Uttar Pradesh,2023-08-23,dataset,33,1,69,original,76,This is a law-report copy: the headnote was left out and page numbers are pages of this PDF.
2023_m_s_gail_india_limited_v_m_s_indian_petrochemicals_co_2023_2_326_338.pdf,review,gail_limited_2023,M/S. Gail (India) Limited v. M/S. Indian Petrochemicals Corp. Ltd,2023-02-08,dataset,13,1,28,original,29,This is a law-report copy: the headnote was left out and page numbers are pages of this PDF.
2023_naim_ahamed_v_state_nct_of_delhi_2023_1_1061_1078.pdf,review,naim_ahamed_2023,Naim Ahamed v. State (Nct of Delhi),2023-01-30,dataset,18,1,25,original,38,"Paragraph numbers are not continuous: opinion 1 skips [12]. A number may have been misread, or the court skipped it. | This is a law-report copy: the headnote was left out and page numbers are pages of this PDF."
2023_state_central_bureau_of_inve_v_t_gangi_reddy_yerra_gangi_re_2023_1_741_764.pdf,review,the_state_2023,The State v. T. Gangi Reddy @ Yerra Gangi Reddy,2023-01-16,dataset,24,1,81,synthetic,79,"The judgment has no paragraph numbers. Those passages are cited by page, not by paragraph. | This is a law-report copy: the headnote was left out and page numbers are pages of this PDF."
2023_state_of_u_p_v_sonu_kushwaha_2023_10_993_1000.pdf,review,state_of_u_p_v_sonu_2023,State of U.P. v. Sonu Kushwaha,2023-07-05,dataset,8,1,13,original,14,This is a law-report copy: the headnote was left out and page numbers are pages of this PDF.
